snapshot,category,scope,rank,brand,vendor,avg_monthly_searches,share_pct,mom_pct,yoy_pct
2026-09,crypto,WW,1,"Binance","Exchange",1661000,28.3,9.2,-42.5
2026-09,crypto,WW,2,"Coinbase","Exchange",1363900,23.3,13.4,-57.9
2026-09,crypto,WW,3,"Kraken","Exchange",902400,15.4,10.5,6.2
2026-09,crypto,WW,4,"MetaMask","Wallet",405700,6.9,8,-48.5
2026-09,crypto,WW,5,"Bybit","Exchange",348300,5.9,-3.6,-47
2026-09,crypto,WW,6,"OKX","Exchange",311900,5.3,-3.2,-20.6
2026-09,crypto,WW,7,"MEXC","Exchange",228400,3.9,1.8,-48.9
2026-09,crypto,WW,8,"Bitget","Exchange",199380,3.4,4.6,-46.4
2026-09,crypto,WW,9,"Trust Wallet","Wallet",147700,2.5,-2.9,-23.6
2026-09,crypto,WW,10,"KuCoin","Exchange",100520,1.7,-9.9,-48.2
2026-09,crypto,WW,11,"Phantom","Wallet",73710,1.3,52.4,-9.1
2026-09,crypto,WW,12,"Crypto.com","Exchange",50910,0.9,-26.1,-41.8
2026-09,crypto,WW,13,"Ledger","Wallet",25520,0.4,152.5,160.6
2026-09,crypto,WW,14,"Exodus","Wallet",23320,0.4,15.1,-26
2026-09,crypto,WW,15,"Blockchain.com","Wallet",11050,0.2,6.3,-56.1
2026-09,crypto,WW,16,"Gemini","Exchange",9200,0.2,7.4,-65.7
2026-09,crypto,US,1,"Coinbase","Exchange",823000,56.3,22.2,-63.3
2026-09,crypto,US,2,"Kraken","Exchange",301000,20.6,22.4,0
2026-09,crypto,US,3,"Binance","Exchange",90500,6.2,0,-32.7
2026-09,crypto,US,4,"MetaMask","Wallet",49500,3.4,22.1,-45.3
2026-09,crypto,US,5,"Trust Wallet","Wallet",33100,2.3,0,-33.1
2026-09,crypto,US,6,"OKX","Exchange",33100,2.3,0,-18.1
2026-09,crypto,US,7,"Phantom","Wallet",27100,1.9,82.9,0
2026-09,crypto,US,8,"Bybit","Exchange",22200,1.5,0,-33.2
2026-09,crypto,US,9,"Crypto.com","Exchange",18100,1.2,0,-33.3
2026-09,crypto,US,10,"MEXC","Exchange",12100,0.8,0,-55.4
2026-09,crypto,US,11,"KuCoin","Exchange",12100,0.8,22.2,-33.1
2026-09,crypto,US,12,"Bitget","Exchange",12100,0.8,0,-45.3
2026-09,crypto,US,13,"Exodus","Wallet",9900,0.7,22.7,-33.1
2026-09,crypto,US,14,"Ledger","Wallet",9900,0.7,234.6,173.7
2026-09,crypto,US,15,"Gemini","Exchange",5400,0.4,24.1,-70.2
2026-09,crypto,US,16,"Blockchain.com","Wallet",2400,0.2,26.3,-33.3
2026-09,crypto,IN,1,"Binance","Exchange",201000,45.6,21.8,-18.3
2026-09,crypto,IN,2,"Coinbase","Exchange",40500,9.2,-18.3,-18.3
2026-09,crypto,IN,3,"Kraken","Exchange",33100,7.5,22.4,22.4
2026-09,crypto,IN,4,"MetaMask","Wallet",27100,6.2,22.1,-33.1
2026-09,crypto,IN,5,"Trust Wallet","Wallet",27100,6.2,0,0
2026-09,crypto,IN,6,"Bitget","Exchange",27100,6.2,22.1,-18.1
2026-09,crypto,IN,7,"OKX","Exchange",22200,5,0,-18.5
2026-09,crypto,IN,8,"Bybit","Exchange",22200,5,0,-45.3
2026-09,crypto,IN,9,"MEXC","Exchange",14800,3.4,-18.5,-70.3
2026-09,crypto,IN,10,"KuCoin","Exchange",12100,2.7,-18.2,-45.3
2026-09,crypto,IN,11,"Phantom","Wallet",5400,1.2,0,-45.5
2026-09,crypto,IN,12,"Crypto.com","Exchange",2900,0.7,26.3,-17.2
2026-09,crypto,IN,13,"Ledger","Wallet",1600,0.4,84.6,50
2026-09,crypto,IN,14,"Gemini","Exchange",1300,0.3,-32.3,0
2026-09,crypto,IN,15,"Blockchain.com","Wallet",1300,0.3,0,-45
2026-09,crypto,IN,16,"Exodus","Wallet",880,0.2,22.2,0
2026-09,crypto,GB,1,"Coinbase","Exchange",90500,31,22.3,-45.2
2026-09,crypto,GB,2,"Kraken","Exchange",74000,25.3,22.3,0
2026-09,crypto,GB,3,"Binance","Exchange",49500,16.9,49.4,-18.2
2026-09,crypto,GB,4,"MEXC","Exchange",14800,5.1,0,-63.5
2026-09,crypto,GB,5,"MetaMask","Wallet",12100,4.1,-18.2,-45.3
2026-09,crypto,GB,6,"Bybit","Exchange",9900,3.4,0,-55.4
2026-09,crypto,GB,7,"Trust Wallet","Wallet",8100,2.8,0,-33.3
2026-09,crypto,GB,8,"OKX","Exchange",8100,2.8,0,-45.5
2026-09,crypto,GB,9,"KuCoin","Exchange",6600,2.3,0,-45.5
2026-09,crypto,GB,10,"Phantom","Wallet",4400,1.5,83.3,22.2
2026-09,crypto,GB,11,"Crypto.com","Exchange",4400,1.5,-56.1,-56.1
2026-09,crypto,GB,12,"Bitget","Exchange",4400,1.5,0,-46.3
2026-09,crypto,GB,13,"Exodus","Wallet",1900,0.7,0,-33.3
2026-09,crypto,GB,14,"Ledger","Wallet",1900,0.7,0,81.3
2026-09,crypto,GB,15,"Blockchain.com","Wallet",1300,0.4,-12,-32.3
2026-09,crypto,GB,16,"Gemini","Exchange",390,0.1,21.4,-71.2
2026-09,crypto,CA,1,"Coinbase","Exchange",60500,33.2,0,-55.2
2026-09,crypto,CA,2,"Kraken","Exchange",49500,27.1,0,-18.2
2026-09,crypto,CA,3,"Binance","Exchange",22200,12.2,22.3,-55.3
2026-09,crypto,CA,4,"MetaMask","Wallet",12100,6.6,0,-45.5
2026-09,crypto,CA,5,"Trust Wallet","Wallet",5400,3,-18.5,-33.3
2026-09,crypto,CA,6,"Bitget","Exchange",5400,3,24.1,-55.6
2026-09,crypto,CA,7,"MEXC","Exchange",4400,2.4,20.8,-46.3
2026-09,crypto,CA,8,"Bybit","Exchange",4400,2.4,24.1,-45.5
2026-09,crypto,CA,9,"KuCoin","Exchange",4400,2.4,-45.5,-33.3
2026-09,crypto,CA,10,"OKX","Exchange",3600,2,0,-45.5
2026-09,crypto,CA,11,"Phantom","Wallet",3600,2,86.2,0
2026-09,crypto,CA,12,"Crypto.com","Exchange",3600,2,0,-46.3
2026-09,crypto,CA,13,"Exodus","Wallet",1300,0.7,0,-37.5
2026-09,crypto,CA,14,"Ledger","Wallet",1300,0.7,115.9,46.2
2026-09,crypto,CA,15,"Blockchain.com","Wallet",480,0.3,-17.9,-55.6
2026-09,crypto,CA,16,"Gemini","Exchange",210,0.1,0,-81.4
2026-09,crypto,AU,1,"Coinbase","Exchange",27100,22.1,22.7,-32.9
2026-09,crypto,AU,2,"Kraken","Exchange",27100,22.1,0,0
2026-09,crypto,AU,3,"Binance","Exchange",27100,22.1,0,-45.3
2026-09,crypto,AU,4,"Bybit","Exchange",9900,8.1,0,-45.5
2026-09,crypto,AU,5,"MEXC","Exchange",5400,4.4,-19.4,-56.1
2026-09,crypto,AU,6,"MetaMask","Wallet",5400,4.4,0,-45.7
2026-09,crypto,AU,7,"OKX","Exchange",4400,3.6,0,-33.3
2026-09,crypto,AU,8,"Trust Wallet","Wallet",3600,2.9,0,-34.1
2026-09,crypto,AU,9,"Phantom","Wallet",2900,2.4,131.6,22.2
2026-09,crypto,AU,10,"KuCoin","Exchange",2900,2.4,-20.8,-47.2
2026-09,crypto,AU,11,"Bitget","Exchange",2400,2,0,-47.2
2026-09,crypto,AU,12,"Crypto.com","Exchange",1600,1.3,23.1,-15.8
2026-09,crypto,AU,13,"Ledger","Wallet",1300,1.1,60,23.1
2026-09,crypto,AU,14,"Exodus","Wallet",1000,0.8,0,0
2026-09,crypto,AU,15,"Blockchain.com","Wallet",210,0.2,0,-34.6
2026-09,crypto,AU,16,"Gemini","Exchange",140,0.1,-20,-81
2026-09,crypto,DE,1,"Binance","Exchange",74000,25,22.2,-33.1
2026-09,crypto,DE,2,"Coinbase","Exchange",60500,20.4,-18.2,-55.2
2026-09,crypto,DE,3,"Kraken","Exchange",49500,16.7,-18.2,0
2026-09,crypto,DE,4,"Bitget","Exchange",22200,7.5,0,-63.4
2026-09,crypto,DE,5,"Bybit","Exchange",18100,6.1,0,-45.4
2026-09,crypto,DE,6,"MEXC","Exchange",14800,5,0,-55.4
2026-09,crypto,DE,7,"MetaMask","Wallet",12100,4.1,22.2,-45.5
2026-09,crypto,DE,8,"Trust Wallet","Wallet",12100,4.1,-18.2,-18.2
2026-09,crypto,DE,9,"OKX","Exchange",9900,3.3,-18.2,82.7
2026-09,crypto,DE,10,"KuCoin","Exchange",6600,2.2,-18.5,-45.7
2026-09,crypto,DE,11,"Phantom","Wallet",5400,1.8,50,0
2026-09,crypto,DE,12,"Crypto.com","Exchange",5400,1.8,-70.2,-33.3
2026-09,crypto,DE,13,"Exodus","Wallet",2400,0.8,26.3,0
2026-09,crypto,DE,14,"Ledger","Wallet",2400,0.8,237.5,326.3
2026-09,crypto,DE,15,"Blockchain.com","Wallet",880,0.3,0,-33
2026-09,crypto,DE,16,"Gemini","Exchange",140,0,0,-70.6
2026-09,crypto,FR,1,"Binance","Exchange",90500,32.2,-18.2,-45
2026-09,crypto,FR,2,"Kraken","Exchange",74000,26.3,0,22.3
2026-09,crypto,FR,3,"Coinbase","Exchange",49500,17.6,22.4,-45.3
2026-09,crypto,FR,4,"MetaMask","Wallet",12100,4.3,0,-55.2
2026-09,crypto,FR,5,"OKX","Exchange",9900,3.5,-18.1,236.4
2026-09,crypto,FR,6,"Bitget","Exchange",9900,3.5,-17.2,-91.1
2026-09,crypto,FR,7,"MEXC","Exchange",8100,2.9,0,-63.6
2026-09,crypto,FR,8,"Bybit","Exchange",8100,2.9,-18.5,-45.5
2026-09,crypto,FR,9,"Trust Wallet","Wallet",6600,2.3,-18.2,-33.3
2026-09,crypto,FR,10,"KuCoin","Exchange",4400,1.6,-17.2,-63.6
2026-09,crypto,FR,11,"Crypto.com","Exchange",3600,1.3,-17.2,-63.6
2026-09,crypto,FR,12,"Phantom","Wallet",1900,0.7,81.3,0
2026-09,crypto,FR,13,"Ledger","Wallet",1000,0.4,46.2,295.8
2026-09,crypto,FR,14,"Exodus","Wallet",720,0.3,-18.1,-18.1
2026-09,crypto,FR,15,"Blockchain.com","Wallet",720,0.3,-18.7,-45.8
2026-09,crypto,FR,16,"Gemini","Exchange",90,0,-25,-78.6
2026-09,crypto,BR,1,"Binance","Exchange",201000,50.9,22.7,-45.1
2026-09,crypto,BR,2,"Coinbase","Exchange",40500,10.3,22.1,-45.3
2026-09,crypto,BR,3,"Kraken","Exchange",40500,10.3,0,22.2
2026-09,crypto,BR,4,"Bybit","Exchange",33100,8.4,22.1,-33.1
2026-09,crypto,BR,5,"MetaMask","Wallet",22200,5.6,0,-45.5
2026-09,crypto,BR,6,"OKX","Exchange",22200,5.6,0,22.3
2026-09,crypto,BR,7,"MEXC","Exchange",9900,2.5,0,-33.3
2026-09,crypto,BR,8,"Bitget","Exchange",9900,2.5,22.2,-45.5
2026-09,crypto,BR,9,"Trust Wallet","Wallet",5400,1.4,0,-45.7
2026-09,crypto,BR,10,"KuCoin","Exchange",4400,1.1,-18.2,-33.3
2026-09,crypto,BR,11,"Phantom","Wallet",2900,0.7,20.8,-19.4
2026-09,crypto,BR,12,"Crypto.com","Exchange",1000,0.3,0,-54.6
2026-09,crypto,BR,13,"Exodus","Wallet",880,0.2,22,-28
2026-09,crypto,BR,14,"Ledger","Wallet",720,0.2,400,306.8
2026-09,crypto,BR,15,"Blockchain.com","Wallet",260,0.1,0,-34.6
2026-09,crypto,BR,16,"Gemini","Exchange",140,0,40,-78.1
2026-09,crypto,MX,1,"Kraken","Exchange",40500,35.4,22.2,49.5
2026-09,crypto,MX,2,"Binance","Exchange",40500,35.4,0,-33.1
2026-09,crypto,MX,3,"Coinbase","Exchange",8100,7.1,0,-45.5
2026-09,crypto,MX,4,"MetaMask","Wallet",6600,5.8,0,-63.6
2026-09,crypto,MX,5,"Bybit","Exchange",5400,4.7,0,-55.6
2026-09,crypto,MX,6,"MEXC","Exchange",3600,3.1,0,-47.2
2026-09,crypto,MX,7,"OKX","Exchange",2400,2.1,-20.8,-47.2
2026-09,crypto,MX,8,"Bitget","Exchange",1900,1.7,23.1,-33.3
2026-09,crypto,MX,9,"Trust Wallet","Wallet",1600,1.4,23.1,-15.8
2026-09,crypto,MX,10,"KuCoin","Exchange",1300,1.1,-23.1,-37.5
2026-09,crypto,MX,11,"Phantom","Wallet",1000,0.9,80.6,30
2026-09,crypto,MX,12,"Crypto.com","Exchange",480,0.4,0,-17.9
2026-09,crypto,MX,13,"Exodus","Wallet",320,0.3,52.9,-33.3
2026-09,crypto,MX,14,"Ledger","Wallet",260,0.2,85.7,50
2026-09,crypto,MX,15,"Gemini","Exchange",260,0.2,0,22.2
2026-09,crypto,MX,16,"Blockchain.com","Wallet",170,0.1,-35.7,-57.1
2026-09,crypto,ID,1,"Binance","Exchange",165000,43,-17.7,-55
2026-09,crypto,ID,2,"Bybit","Exchange",40500,10.6,-18.1,-45.3
2026-09,crypto,ID,3,"Kraken","Exchange",33100,8.6,22.1,-45.3
2026-09,crypto,ID,4,"OKX","Exchange",33100,8.6,0,-45.2
2026-09,crypto,ID,5,"Bitget","Exchange",33100,8.6,0,-33.1
2026-09,crypto,ID,6,"MEXC","Exchange",22200,5.8,-18.2,-33.3
2026-09,crypto,ID,7,"Coinbase","Exchange",14800,3.9,0,-55.2
2026-09,crypto,ID,8,"MetaMask","Wallet",14800,3.9,0,-63.5
2026-09,crypto,ID,9,"KuCoin","Exchange",12100,3.2,-18.5,-63.5
2026-09,crypto,ID,10,"Trust Wallet","Wallet",6600,1.7,22.2,-33.3
2026-09,crypto,ID,11,"Phantom","Wallet",5400,1.4,-33.3,-45.5
2026-09,crypto,ID,12,"Crypto.com","Exchange",1000,0.3,0,-62.1
2026-09,crypto,ID,13,"Ledger","Wallet",880,0.2,0,-18.2
2026-09,crypto,ID,14,"Blockchain.com","Wallet",480,0.1,23.8,-70.5
2026-09,crypto,ID,15,"Exodus","Wallet",260,0.1,-19,-46.9
2026-09,crypto,ID,16,"Gemini","Exchange",170,0,-18.2,-65.4
2026-09,crypto,JP,1,"MetaMask","Wallet",165000,56.9,0,-45.5
2026-09,crypto,JP,2,"MEXC","Exchange",27100,9.3,22.7,-18.1
2026-09,crypto,JP,3,"Bybit","Exchange",27100,9.3,-18.2,-70.1
2026-09,crypto,JP,4,"Binance","Exchange",22200,7.7,0,-33.2
2026-09,crypto,JP,5,"Bitget","Exchange",18100,6.2,0,0
2026-09,crypto,JP,6,"OKX","Exchange",9900,3.4,0,-33.1
2026-09,crypto,JP,7,"Coinbase","Exchange",6600,2.3,-33.3,-45.7
2026-09,crypto,JP,8,"Kraken","Exchange",5400,1.9,0,-18.2
2026-09,crypto,JP,9,"KuCoin","Exchange",3600,1.2,20.8,-34.1
2026-09,crypto,JP,10,"Trust Wallet","Wallet",2400,0.8,0,0
2026-09,crypto,JP,11,"Phantom","Wallet",1600,0.6,-18.2,-28
2026-09,crypto,JP,12,"Crypto.com","Exchange",390,0.1,23.1,-17.9
2026-09,crypto,JP,13,"Ledger","Wallet",320,0.1,50,242.9
2026-09,crypto,JP,14,"Exodus","Wallet",170,0.1,23.5,0
2026-09,crypto,JP,15,"Blockchain.com","Wallet",140,0,0,-35.7
2026-09,crypto,JP,16,"Gemini","Exchange",50,0,100,-55.6
2026-09,crypto,KR,1,"OKX","Exchange",49500,30.7,0,-33.1
2026-09,crypto,KR,2,"Bybit","Exchange",40500,25.1,0,-45.4
2026-09,crypto,KR,3,"Binance","Exchange",33100,20.5,22.1,-33.1
2026-09,crypto,KR,4,"MEXC","Exchange",12100,7.5,22.7,-55.2
2026-09,crypto,KR,5,"Bitget","Exchange",9900,6.1,0,-45.5
2026-09,crypto,KR,6,"Coinbase","Exchange",4400,2.7,0,-45.5
2026-09,crypto,KR,7,"MetaMask","Wallet",4400,2.7,0,-55.6
2026-09,crypto,KR,8,"Kraken","Exchange",2900,1.8,0,-19.4
2026-09,crypto,KR,9,"KuCoin","Exchange",1900,1.2,23.1,-33.3
2026-09,crypto,KR,10,"Trust Wallet","Wallet",1300,0.8,0,-45
2026-09,crypto,KR,11,"Phantom","Wallet",480,0.3,0,-45.8
2026-09,crypto,KR,12,"Crypto.com","Exchange",260,0.2,0,-34.4
2026-09,crypto,KR,13,"Ledger","Wallet",170,0.1,90.9,-19.2
2026-09,crypto,KR,14,"Exodus","Wallet",90,0.1,0,-50
2026-09,crypto,KR,15,"Blockchain.com","Wallet",90,0.1,75,-36.4
2026-09,crypto,KR,16,"Gemini","Exchange",40,0,50,-66.7
2026-09,crypto,IT,1,"Kraken","Exchange",40500,25.3,0,49.5
2026-09,crypto,IT,2,"Binance","Exchange",40500,25.3,-18.1,-55.2
2026-09,crypto,IT,3,"Coinbase","Exchange",33100,20.7,0,-55.2
2026-09,crypto,IT,4,"Bybit","Exchange",12100,7.6,-18.2,-55.2
2026-09,crypto,IT,5,"MetaMask","Wallet",6600,4.1,0,-63.6
2026-09,crypto,IT,6,"Bitget","Exchange",6600,4.1,-18.2,-63.6
2026-09,crypto,IT,7,"MEXC","Exchange",4400,2.7,26.3,-45.5
2026-09,crypto,IT,8,"Trust Wallet","Wallet",3600,2.2,0,-18.2
2026-09,crypto,IT,9,"OKX","Exchange",3600,2.2,-33.3,127.6
2026-09,crypto,IT,10,"KuCoin","Exchange",3600,2.2,-15.8,-63.6
2026-09,crypto,IT,11,"Crypto.com","Exchange",2400,1.5,-45.8,-63.9
2026-09,crypto,IT,12,"Phantom","Wallet",1300,0.8,46.2,0
2026-09,crypto,IT,13,"Exodus","Wallet",590,0.4,23.1,-33.3
2026-09,crypto,IT,14,"Blockchain.com","Wallet",590,0.4,0,-45.8
2026-09,crypto,IT,15,"Ledger","Wallet",480,0.3,22.9,51.3
2026-09,crypto,IT,16,"Gemini","Exchange",170,0.1,0,-84.4
2026-09,crypto,ES,1,"Binance","Exchange",90500,37.7,0,-45
2026-09,crypto,ES,2,"Kraken","Exchange",49500,20.6,22.2,22.2
2026-09,crypto,ES,3,"Coinbase","Exchange",40500,16.9,0,-55.2
2026-09,crypto,ES,4,"MetaMask","Wallet",9900,4.1,22.2,-45.5
2026-09,crypto,ES,5,"Bitget","Exchange",9900,4.1,22.7,-45.3
2026-09,crypto,ES,6,"MEXC","Exchange",8100,3.4,0,-55.6
2026-09,crypto,ES,7,"Bybit","Exchange",8100,3.4,-18.5,-45.5
2026-09,crypto,ES,8,"KuCoin","Exchange",8100,3.4,0,-55.6
2026-09,crypto,ES,9,"OKX","Exchange",5400,2.3,0,50
2026-09,crypto,ES,10,"Trust Wallet","Wallet",4400,1.8,0,-18.2
2026-09,crypto,ES,11,"Phantom","Wallet",1900,0.8,18.8,-20.8
2026-09,crypto,ES,12,"Crypto.com","Exchange",1600,0.7,-18.7,-31.6
2026-09,crypto,ES,13,"Ledger","Wallet",880,0.4,645.8,816.7
2026-09,crypto,ES,14,"Exodus","Wallet",590,0.2,0,-45.5
2026-09,crypto,ES,15,"Blockchain.com","Wallet",390,0.2,0,-56.2
2026-09,crypto,ES,16,"Gemini","Exchange",140,0.1,75,-66.7
2026-09,crypto,NL,1,"Coinbase","Exchange",22200,18.4,22.3,-45.4
2026-09,crypto,NL,2,"Kraken","Exchange",22200,18.4,-18.5,-18.5
2026-09,crypto,NL,3,"Binance","Exchange",18100,15,0,-55.4
2026-09,crypto,NL,4,"Bybit","Exchange",14800,12.3,22.2,-63.5
2026-09,crypto,NL,5,"MEXC","Exchange",12100,10,22.7,-55.4
2026-09,crypto,NL,6,"OKX","Exchange",8100,6.7,-18.2,22.2
2026-09,crypto,NL,7,"MetaMask","Wallet",6600,5.5,0,-55.6
2026-09,crypto,NL,8,"Trust Wallet","Wallet",5400,4.5,0,-33.3
2026-09,crypto,NL,9,"KuCoin","Exchange",2900,2.4,-20.8,-56.8
2026-09,crypto,NL,10,"Bitget","Exchange",2900,2.4,-15.8,-63.6
2026-09,crypto,NL,11,"Phantom","Wallet",2400,2,81.3,-19.4
2026-09,crypto,NL,12,"Crypto.com","Exchange",1000,0.8,0,-37.5
2026-09,crypto,NL,13,"Exodus","Wallet",880,0.7,22.2,-32.3
2026-09,crypto,NL,14,"Ledger","Wallet",720,0.6,38.9,69.5
2026-09,crypto,NL,15,"Blockchain.com","Wallet",320,0.3,23.5,-46.2
2026-09,crypto,NL,16,"Gemini","Exchange",70,0.1,-33.3,-85.7
2026-09,crypto,TR,1,"Binance","Exchange",246000,68.3,22.2,-55.2
2026-09,crypto,TR,2,"MEXC","Exchange",22200,6.2,0,-45.5
2026-09,crypto,TR,3,"OKX","Exchange",18100,5,0,-45.5
2026-09,crypto,TR,4,"MetaMask","Wallet",14800,4.1,0,-45.5
2026-09,crypto,TR,5,"Bybit","Exchange",14800,4.1,0,-45.3
2026-09,crypto,TR,6,"Kraken","Exchange",12100,3.4,0,49.5
2026-09,crypto,TR,7,"Trust Wallet","Wallet",9900,2.7,0,0
2026-09,crypto,TR,8,"Coinbase","Exchange",8100,2.2,0,-45.5
2026-09,crypto,TR,9,"Bitget","Exchange",6600,1.8,0,-45.7
2026-09,crypto,TR,10,"KuCoin","Exchange",4400,1.2,22.2,-33.3
2026-09,crypto,TR,11,"Phantom","Wallet",1900,0.5,-15.8,-44.8
2026-09,crypto,TR,12,"Crypto.com","Exchange",480,0.1,0,-33.9
2026-09,crypto,TR,13,"Ledger","Wallet",390,0.1,69.5,614.3
2026-09,crypto,TR,14,"Exodus","Wallet",260,0.1,-19.2,0
2026-09,crypto,TR,15,"Blockchain.com","Wallet",260,0.1,22.2,-65.6
2026-09,crypto,TR,16,"Gemini","Exchange",50,0,0,-57.1
2026-09,crypto,VN,1,"Binance","Exchange",135000,50.8,21.5,-33.3
2026-09,crypto,VN,2,"OKX","Exchange",49500,18.6,22.4,-45.3
2026-09,crypto,VN,3,"Bybit","Exchange",27100,10.2,22.2,-45.5
2026-09,crypto,VN,4,"MEXC","Exchange",18100,6.8,0,-55.4
2026-09,crypto,VN,5,"MetaMask","Wallet",9900,3.7,0,-63.5
2026-09,crypto,VN,6,"Bitget","Exchange",8100,3,22.2,-63.6
2026-09,crypto,VN,7,"Kraken","Exchange",6600,2.5,0,0
2026-09,crypto,VN,8,"Coinbase","Exchange",4400,1.7,20.8,-46.3
2026-09,crypto,VN,9,"KuCoin","Exchange",2900,1.1,0,-70.4
2026-09,crypto,VN,10,"Trust Wallet","Wallet",1900,0.7,0,-33.3
2026-09,crypto,VN,11,"Phantom","Wallet",1300,0.5,-32.3,-63.3
2026-09,crypto,VN,12,"Blockchain.com","Wallet",590,0.2,136.4,-94.1
2026-09,crypto,VN,13,"Crypto.com","Exchange",260,0.1,0,-46.9
2026-09,crypto,VN,14,"Ledger","Wallet",210,0.1,84.6,336.4
2026-09,crypto,VN,15,"Exodus","Wallet",90,0,28.6,0
2026-09,crypto,VN,16,"Gemini","Exchange",40,0,0,-71.4
2026-09,crypto,PL,1,"Binance","Exchange",74000,39.3,0,-63.2
2026-09,crypto,PL,2,"Kraken","Exchange",33100,17.6,0,49.4
2026-09,crypto,PL,3,"Bybit","Exchange",22200,11.8,-18.5,-33.2
2026-09,crypto,PL,4,"Coinbase","Exchange",18100,9.6,-18.2,-33.3
2026-09,crypto,PL,5,"MEXC","Exchange",9900,5.3,0,-45.5
2026-09,crypto,PL,6,"MetaMask","Wallet",6600,3.5,0,-45.7
2026-09,crypto,PL,7,"Trust Wallet","Wallet",6600,3.5,0,-18.2
2026-09,crypto,PL,8,"OKX","Exchange",4400,2.3,-18.5,50
2026-09,crypto,PL,9,"Bitget","Exchange",4400,2.3,-34.1,-46.3
2026-09,crypto,PL,10,"KuCoin","Exchange",3600,1.9,-17.2,-45.5
2026-09,crypto,PL,11,"Phantom","Wallet",1900,1,125,24.1
2026-09,crypto,PL,12,"Crypto.com","Exchange",1300,0.7,-32.3,-45
2026-09,crypto,PL,13,"Exodus","Wallet",880,0.5,22.2,22.2
2026-09,crypto,PL,14,"Ledger","Wallet",720,0.4,22.2,125.6
2026-09,crypto,PL,15,"Blockchain.com","Wallet",320,0.2,-21.4,-71.8
2026-09,crypto,PL,16,"Gemini","Exchange",70,0,0,-66.7
2026-09,crypto,SG,1,"Binance","Exchange",18100,26,0,-33.3
2026-09,crypto,SG,2,"OKX","Exchange",12100,17.4,0,-33.1
2026-09,crypto,SG,3,"Coinbase","Exchange",9900,14.2,0,-45.3
2026-09,crypto,SG,4,"MetaMask","Wallet",6600,9.5,0,-63.6
2026-09,crypto,SG,5,"Kraken","Exchange",5400,7.8,22.7,-18.2
2026-09,crypto,SG,6,"Bybit","Exchange",5400,7.8,-18.5,-45.7
2026-09,crypto,SG,7,"Bitget","Exchange",3600,5.2,0,-34.1
2026-09,crypto,SG,8,"MEXC","Exchange",2400,3.5,0,-34.5
2026-09,crypto,SG,9,"KuCoin","Exchange",1900,2.7,-18.7,-63.9
2026-09,crypto,SG,10,"Trust Wallet","Wallet",1600,2.3,23.1,-33.3
2026-09,crypto,SG,11,"Crypto.com","Exchange",1000,1.4,0,-44.6
2026-09,crypto,SG,12,"Phantom","Wallet",720,1,22,-18.2
2026-09,crypto,SG,13,"Gemini","Exchange",320,0.5,23.1,-17.9
2026-09,crypto,SG,14,"Ledger","Wallet",260,0.4,50,21.9
2026-09,crypto,SG,15,"Exodus","Wallet",140,0.2,0,-17.6
2026-09,crypto,SG,16,"Blockchain.com","Wallet",110,0.2,28.6,-35.7
2026-09,crypto,SA,1,"Binance","Exchange",22200,59.4,0,-18.5
2026-09,crypto,SA,2,"Kraken","Exchange",2400,6.4,0,26.3
2026-09,crypto,SA,3,"OKX","Exchange",2400,6.4,0,-17.2
2026-09,crypto,SA,4,"Bybit","Exchange",2400,6.4,18.8,-20.8
2026-09,crypto,SA,5,"MEXC","Exchange",1900,5.1,30,-18.7
2026-09,crypto,SA,6,"Coinbase","Exchange",1600,4.3,30,-31.6
2026-09,crypto,SA,7,"MetaMask","Wallet",1300,3.5,-33,-41
2026-09,crypto,SA,8,"Trust Wallet","Wallet",1000,2.7,-23.1,-23.1
2026-09,crypto,SA,9,"Bitget","Exchange",880,2.4,0,-41
2026-09,crypto,SA,10,"KuCoin","Exchange",720,1.9,22,-18.2
2026-09,crypto,SA,11,"Phantom","Wallet",210,0.6,52.9,-18.7
2026-09,crypto,SA,12,"Crypto.com","Exchange",140,0.4,0,-33.3
2026-09,crypto,SA,13,"Ledger","Wallet",110,0.3,255.6,357.1
2026-09,crypto,SA,14,"Exodus","Wallet",70,0.2,66.7,0
2026-09,crypto,SA,15,"Blockchain.com","Wallet",40,0.1,0,-40
2026-09,crypto,SA,16,"Gemini","Exchange",10,0,0,-50
